{"is_source_file": false, "format": "", "description": "", "external_files": [], "external_methods": [], "published": [], "classes": [], "methods": [], "calls": [], "search-terms": [], "state": 2, "file_id": 5, "knowledge_revision": 19, "git_revision": "69ce68b83226c9c913b26428c5c47036ad2dfa72", "hash": "be6538e7523bc2e9da0743133d784136", "format-version": 4, "code-base-name": "react_frontend", "filename": "react_frontend/eslint.config.mjs", "revision_history": [{"19": "69ce68b83226c9c913b26428c5c47036ad2dfa72"}]}