{"is_source_file": false, "format": "", "description": "", "external_files": [], "external_methods": [], "published": [], "classes": [], "methods": [], "calls": [], "search-terms": [], "state": 2, "file_id": 10, "knowledge_revision": 22, "git_revision": "69ce68b83226c9c913b26428c5c47036ad2dfa72", "ctags": [], "hash": "1a77571e1a8cf36018a41bcedf60db75", "format-version": 4, "code-base-name": "react_frontend", "filename": "react_frontend/src/setupTests.js", "revision_history": [{"22": "69ce68b83226c9c913b26428c5c47036ad2dfa72"}]}