{"is_source_file": false, "format": "", "description": "", "external_files": [], "external_methods": [], "published": [], "classes": [], "methods": [], "calls": [], "search-terms": [], "state": 2, "file_id": 12, "knowledge_revision": 23, "git_revision": "69ce68b83226c9c913b26428c5c47036ad2dfa72", "hash": "22f9e17cc1848b56dbb244518ac2707e", "format-version": 4, "code-base-name": "react_frontend", "filename": "react_frontend/src/App.css", "revision_history": [{"23": "69ce68b83226c9c913b26428c5c47036ad2dfa72"}]}