{"is_source_file": false, "format": "", "description": "", "external_files": [], "external_methods": [], "published": [], "classes": [], "methods": [], "calls": [], "search-terms": [], "state": 2, "file_id": 6, "knowledge_revision": 16, "git_revision": "69ce68b83226c9c913b26428c5c47036ad2dfa72", "hash": "ebece526bc2eadd78ddd787a76c56607", "format-version": 4, "code-base-name": "react_frontend", "filename": "react_frontend/README.md", "revision_history": [{"16": "69ce68b83226c9c913b26428c5c47036ad2dfa72"}]}