{"is_source_file": false, "format": null, "description": "", "external_files": [], "external_methods": [], "published": [], "classes": [], "methods": [], "calls": [], "search-terms": [], "state": 2, "file_id": 2, "knowledge_revision": 17, "git_revision": "69ce68b83226c9c913b26428c5c47036ad2dfa72", "hash": "d2b40d02d5f7873d8a6713bad837edd4", "format-version": 4, "code-base-name": "react_frontend", "filename": "react_frontend/public/index.html", "revision_history": [{"17": "69ce68b83226c9c913b26428c5c47036ad2dfa72"}]}