{"is_source_file": true, "format": "JavaScript (React JSX)", "description": "This file defines a React functional component 'App' that manages a theme state ('light' or 'dark') and provides a toggle button to switch themes, applying the theme as a data attribute on the document element.", "external_files": ["./logo.svg", "./App.css"], "external_methods": [], "published": ["App"], "classes": [], "methods": [{"name": "App()", "description": "React functional component managing theme state and rendering the UI with theme toggle button.", "scope": "", "scopeKind": ""}, {"name": "toggleTheme", "description": "Function to switch between 'light' and 'dark' theme states."}], "calls": ["React.useState", "React.useEffect", "document.documentElement.setAttribute"], "search-terms": ["React theme toggle", "useState hook", "useEffect hook", "App component", "dark mode switch"], "state": 2, "file_id": 9, "knowledge_revision": 25, "git_revision": "69ce68b83226c9c913b26428c5c47036ad2dfa72", "ctags": [{"_type": "tag", "name": "App", "path": "/home/kavia/workspace/code-generation/simple-todo-list-318357-318372/react_frontend/src/App.js", "pattern": "/^function App() {$/", "language": "JavaScript", "kind": "function", "signature": "()"}, {"_type": "tag", "name": "Switch to ${theme === 'light' ? 'dark' : 'light'} mode", "path": "/home/kavia/workspace/code-generation/simple-todo-list-318357-318372/react_frontend/src/App.js", "pattern": "/^          aria-label={`Switch to ${theme === 'light' ? 'dark' : 'light'} mode`}$/", "language": "JavaScript", "kind": "field", "scope": "App.aria", "scopeKind": "class"}, {"_type": "tag", "name": "toggleTheme", "path": "/home/kavia/workspace/code-generation/simple-todo-list-318357-318372/react_frontend/src/App.js", "pattern": "/^          onClick={toggleTheme}$/", "language": "JavaScript", "kind": "field", "scope": "App.onClick", "scopeKind": "class"}], "hash": "b55dd9e6a018e59207d8e277dffd9e11", "format-version": 4, "code-base-name": "react_frontend", "filename": "react_frontend/src/App.js", "fields": [{"name": "aria-label={`Switch to ${theme === 'light' ? 'dark' : 'light'} mode`}", "scope": "App.aria", "scopeKind": "class", "description": "unavailable"}, {"name": "onClick={toggleTheme}", "scope": "App.onClick", "scopeKind": "class", "description": "unavailable"}], "revision_history": [{"25": "69ce68b83226c9c913b26428c5c47036ad2dfa72"}]}