{"is_source_file": false, "format": "JSON", "description": "", "external_files": [], "external_methods": [], "published": [], "classes": [], "methods": [], "calls": [], "search-terms": ["manifest.json", "create react app", "icons", "start_url", "theme_color", "background_color"], "state": 2, "file_id": 3, "knowledge_revision": 20, "git_revision": "69ce68b83226c9c913b26428c5c47036ad2dfa72", "hash": "d9d975cebe2ec20b6c652e1e4c12ccf0", "format-version": 4, "code-base-name": "react_frontend", "filename": "react_frontend/public/manifest.json", "revision_history": [{"20": "69ce68b83226c9c913b26428c5c47036ad2dfa72"}]}