{"is_source_file": true, "format": "JavaScript (React JSX)", "description": "This is the main entry point of a React application, responsible for rendering the root component into the DOM.", "external_files": ["react", "react-dom/client", "./index.css", "./App"], "external_methods": ["ReactDOM.createRoot", "root.render", "React.StrictMode", "React.createElement (implied in JSX)"], "published": [], "classes": [], "methods": [{"name": "createRoot", "description": "Creates a root for React DOM rendering."}, {"name": "render", "description": "Renders React element into the DOM at the specified root."}], "calls": ["ReactDOM.createRoot", "root.render", "React.StrictMode", "App"], "search-terms": ["React", "ReactDOM", "index.js", "entry point", "React application", "render", "DOM root"], "state": 2, "file_id": 11, "knowledge_revision": 21, "git_revision": "69ce68b83226c9c913b26428c5c47036ad2dfa72", "ctags": [{"_type": "tag", "name": "root", "path": "/home/kavia/workspace/code-generation/simple-todo-list-318357-318372/react_frontend/src/index.js", "pattern": "/^const root = ReactDOM.createRoot(document.getElementById('root'));$/", "language": "JavaScript", "kind": "constant"}], "hash": "9fc5841375336fc175b49f8767a11383", "format-version": 4, "code-base-name": "react_frontend", "filename": "react_frontend/src/index.js", "revision_history": [{"21": "69ce68b83226c9c913b26428c5c47036ad2dfa72"}]}