{"is_source_file": false, "format": "", "description": "", "external_files": [], "external_methods": [], "published": [], "classes": [], "methods": [], "calls": [], "search-terms": [], "state": 2, "file_id": 8, "knowledge_revision": 18, "git_revision": "69ce68b83226c9c913b26428c5c47036ad2dfa72", "hash": "6c2104b8d219ed99234ae2d6329f4357", "format-version": 4, "code-base-name": "react_frontend", "filename": "react_frontend/src/index.css", "revision_history": [{"18": "69ce68b83226c9c913b26428c5c47036ad2dfa72"}]}